Height,Year,Weight,Rate,Distance,Time
75,5,186.00,32,2000,375.20
77,3,215.40,24,2000,396.80
74,1,203.60,32,2000,388.40
78,2,200.40,32,6000,1183.20
74,2,206.60,32,482,89.92
75,4,208.30,31,6000,1232.40
72,2,183.00,22,5241,1199.14
73,1,203.00,36,335,59.96
73,4,197.20,27,6000,1275.60
74,5,182.60,29,2884,599.80
77,4,222.00,34,2000,374.80
74,1,198.60,27,1500,309.60
73,4,207.60,34,626,119.97
75,1,194.00,31,750,138.60
73,2,187.70,28,2946,599.74
77,3,189.00,31,750,141.42
74,2,186.00,28,6000,1275.60
77,4,196.60,28,6000,1202.40
72,1,185.00,24,2771,600.75
76,4,233.00,32,2000,365.20
74,3,203.80,25,1500,296.70
74,1,198.60,34,467,89.97
75,4,181.00,26,6000,1297.20
74,2,186.00,24,2734,599.84
75,3,180.00,31,2000,394.80
76,5,230.00,32,2000,363.60
77,4,192.40,32,500,94.00
74,1,205.00,35,1000,195.40
73,2,181.00,22,8531,1798.33
76,3,235.00,32,756,143.04
74,1,182.20,30,854,179.92
76,4,190.00,31,800,156.00
75,4,183.50,33,2000,381.60
78,3,205.00,34,800,145.12
73,1,178.00,30,800,158.72
73,3,196.40,26,1500,309.30
73,2,184.80,25,1500,312.30
73,2,183.00,24,2864,599.72
77,3,197.30,28,2500,527.00
76,2,178.00,34,500,96.80
75,1,193.00,38,250,45.75
72,2,183.00,35,800,161.92
73,4,199.00,33,2000,376.80
73,2,181.00,34,1500,292.50
76,1,195.20,36,2000,375.60
75,1,190.20,34,2000,385.20
75,4,181.00,26,830,179.88
75,5,182.00,25,1500,303.60
73,2,182.60,25,2000,402.00
76,2,165.00,36,1000,202.80
73,1,183.60,28,785,179.85
76,4,233.20,24,2796,599.46
75,5,201.60,38,754,139.49
75,4,181.00,23,6000,1297.20
73,1,183.80,28,2500,530.00
73,1,182.40,24,2500,527.00
75,3,165.00,27,4000,894.40
76,3,218.10,28,6000,1191.60
75,3,165.00,32,378,74.98
75,4,181.00,31,467,89.97
76,4,233.20,24,6000,1278.00
72,2,185.00,25,2829,599.75
76,5,208.60,28,6000,1221.60
74,2,204.00,25,4000,857.60
72,1,199.40,27,1500,320.40
77,4,194.60,26,873,179.97
73,3,196.80,33,1000,198.40
73,1,203.00,36,254,44.96
76,4,223.60,25,3027,599.95
72,1,182.80,36,800,153.28
73,1,183.60,36,800,154.56
74,1,198.60,28,1500,309.30
73,1,183.60,31,6000,1317.60
74,5,183.60,33,771,151.42
77,3,204.00,32,750,140.90
77,3,207.00,34,2000,366.00
75,3,165.00,26,3000,673.20
77,3,191.20,28,3179,660.00
73,3,193.00,26,6000,1236.00
76,4,178.00,25,6000,1242.00
76,4,177.60,26,3000,613.80
76,2,170.00,31,2000,411.60
76,3,195.00,24,2937,600.25
74,1,204.00,35,750,145.62
73,1,185.00,33,245,44.98
73,1,186.00,29,2000,389.20
76,5,232.20,28,6000,1170.00
73,2,190.00,27,6000,1268.40
77,3,220.50,29,6000,1194.00
75,5,199.00,26,4000,837.60
72,1,185.00,36,2000,378.80
72,2,171.40,30,1500,309.90
76,4,227.80,29,758,143.57
76,5,184.80,31,620,119.94
73,1,178.00,32,2000,402.40
73,1,178.00,26,4000,856.80
77,4,196.60,33,800,146.24
76,2,180.00,38,250,47.10
74,1,197.40,27,6000,1285.20
75,5,182.00,27,6000,1238.40
79,1,200.00,29,2903,599.18
78,2,198.40,25,2500,490.50
75,5,199.40,32,2000,379.20
77,3,192.00,28,2000,398.40
76,4,190.00,26,6000,1267.20
77,3,215.00,35,2000,371.20
77,3,215.00,27,887,179.86
78,3,200.00,29,6000,1190.40
76,5,230.00,25,1500,283.80
75,4,181.00,23,10000,2130.00
75,5,187.20,24,4000,840.00
74,2,186.00,32,159,30.04
74,3,207.00,28,1463,300.00
75,3,189.60,32,2000,385.60
74,2,170.00,27,1500,323.40
75,4,183.20,32,1000,196.40
78,3,201.60,26,6000,1242.00
76,4,239.80,30,1000,181.80
74,1,203.00,30,2000,395.20
73,4,207.60,26,6000,1294.80
76,4,233.20,26,3000,606.00
74,3,200.60,22,8747,1798.38
75,5,200.00,28,2920,599.84
76,4,202.00,31,2000,386.40
73,1,186.00,28,10000,2220.00
75,3,189.60,32,764,150.97
77,4,192.40,32,328,60.00
77,4,201.00,33,2000,376.80
75,5,182.00,27,6000,1238.40
77,4,194.60,18,4864,1199.46
76,1,167.00,31,2000,408.00
75,5,182.00,31,2000,379.20
76,4,230.00,30,894,179.83
76,1,166.00,23,2783,599.53
72,2,196.80,24,2815,599.60
76,1,167.60,32,2000,392.40
78,2,198.60,34,2000,372.40
72,2,182.00,37,158,30.03
70,3,174.40,32,2000,411.60
73,2,197.00,33,2000,387.20
77,4,192.40,33,639,119.94
76,3,195.00,32,800,149.44
76,4,223.60,24,3017,599.78
75,4,181.00,23,1500,319.50
72,2,151.00,25,1500,324.90
76,3,178.80,24,2898,599.89
79,1,205.00,37,500,180.00
75,4,180.20,28,6000,1246.80
76,3,224.60,30,6000,1192.80
75,3,183.00,32,772,148.84
75,2,207.60,27,6000,1203.60
72,1,199.40,24,2807,600.07
70,3,174.40,27,6000,1306.80
75,3,188.70,24,6000,1338.00
72,2,196.80,35,482,89.96
76,5,232.20,26,10000,2048.00
73,2,197.00,33,2000,386.80
76,1,195.20,24,2825,599.54
73,1,201.00,34,2000,388.80
72,1,185.00,34,2000,382.80
75,5,200.80,32,2000,368.40
70,3,174.40,34,389,74.98
78,3,200.00,33,2000,372.00
73,4,199.00,24,2867,599.78
76,5,184.80,33,402,74.96
75,3,188.70,24,2500,523.00
74,1,197.40,31,2000,393.60
76,4,223.60,31,2000,369.20
77,3,215.00,24,2920,599.77
76,4,230.00,27,887,179.94
77,2,223.00,29,1505,300.00
72,2,185.00,34,800,156.64
75,4,176.00,25,3000,639.00
77,3,200.00,27,1444,300.00
74,2,170.00,27,6000,1304.40
73,1,185.00,32,394,74.94
75,2,210.00,30,755,145.11
76,4,226.90,26,2892,599.73
71,1,197.60,24,2000,436.40
70,2,175.00,33,783,155.50
78,1,202.00,31,765,151.47
74,1,198.60,26,6000,1280.40
76,3,178.80,32,2000,383.20
72,1,185.00,37,401,74.94
76,4,233.20,27,1500,297.60
75,3,169.00,26,6000,1383.60
73,1,183.60,26,1500,319.50
74,3,205.00,27,3000,592.80
74,2,170.00,34,150,30.10
78,3,201.60,29,6000,1203.60
76,4,218.00,28,2000,388.80
76,2,178.00,35,750,142.15
72,2,149.80,22,7983,1799.37
75,5,186.00,30,800,151.36
75,3,168.40,26,6000,1302.00
76,4,240.00,32,1000,181.40
76,5,227.00,33,500,95.40
75,1,198.00,34,1000,198.00
76,5,184.80,26,6000,1232.40
73,1,172.00,28,3277,660.00
76,1,167.80,34,1000,199.80
77,4,220.00,35,500,89.70
75,4,204.00,28,6000,1248.00
76,5,184.80,26,3000,622.20
74,1,197.40,32,800,156.64
77,2,225.40,36,1000,191.80
72,1,185.00,25,1500,308.40
78,2,203.00,38,1000,181.40
73,2,183.00,29,6000,1257.60
78,1,204.00,32,2000,379.60
72,2,185.00,37,469,89.95
74,3,205.00,25,5368,1199.21
73,3,196.40,35,800,151.52
76,1,194.20,25,4000,829.60
73,3,196.40,34,636,119.92
77,3,186.10,28,3213,660.00
76,1,169.30,28,2500,540.50
73,3,199.40,26,6000,1294.80
74,3,205.00,26,3000,594.60
76,4,178.00,26,1500,312.60
76,3,235.00,24,2500,559.50
77,4,230.00,29,1569,300.00
77,3,202.00,36,500,94.50
80,3,206.60,30,1000,201.80
76,4,223.60,25,3015,599.99
74,2,186.00,25,2765,599.93
72,2,196.80,27,4000,837.60
75,3,168.40,32,599,119.87
74,1,182.20,27,5051,1199.11
70,3,174.40,27,4000,883.20
74,3,203.80,26,4000,805.60
74,1,197.40,24,2797,599.68
73,1,178.00,27,4000,898.40
77,3,202.00,31,2000,383.20
73,4,200.00,32,800,149.28
77,4,194.60,31,320,59.95
80,3,210.00,31,2000,386.80
74,1,182.20,27,3000,650.40
73,4,197.20,27,10000,2092.00
75,5,195.00,33,2000,373.20
76,3,235.00,27,1473,300.00
70,3,168.40,25,6000,1387.20
77,3,188.80,31,1000,206.40
73,3,199.40,26,3000,637.20
73,1,185.00,25,3000,629.40
72,1,182.80,24,5328,1199.87
76,5,230.80,24,2000,389.60
75,5,182.00,24,2897,599.68
73,1,201.00,33,626,119.97
73,1,203.00,24,2949,599.76
77,4,192.40,32,407,74.96
73,1,177.90,27,3155,660.00
76,4,232.60,24,2000,392.40
76,4,227.00,40,750,141.53
75,4,181.00,28,2000,400.00
74,1,197.40,32,392,74.95
77,4,232.60,28,3251,660.00
71,1,186.20,26,3000,621.60
78,2,201.20,30,2000,372.80
77,3,215.40,26,3000,598.80
73,1,186.00,36,800,156.16
76,1,195.20,24,1500,301.20
75,5,200.40,29,3280,660.00
74,2,170.00,32,302,59.95
76,5,232.20,27,6000,1150.80
76,2,178.00,29,1479,300.00
76,3,178.80,28,876,179.85
75,3,169.00,24,2000,446.80
73,4,207.60,27,862,179.83
72,1,199.40,26,10000,2196.00
76,5,230.00,36,170,29.97
73,1,185.00,33,162,30.02
74,2,170.00,31,2000,412.40
73,4,207.60,34,320,60.00
80,3,208.60,30,2000,396.40
76,1,195.20,30,474,89.94
74,2,206.60,26,1500,306.30
76,4,233.20,27,6000,1269.60
74,5,183.20,28,3229,660.00
76,4,230.00,35,800,143.36
75,3,205.40,34,1000,191.80
76,3,176.00,29,1468,300.00
75,4,176.00,24,2000,415.20
75,5,204.40,29,6000,1214.40
77,3,215.00,22,8718,1799.40
74,2,186.00,28,852,179.86
77,3,202.00,35,500,180.00
74,5,183.60,38,250,47.70
77,4,192.40,24,2861,599.67
74,2,206.60,27,876,179.85
74,2,170.00,34,381,74.94
73,1,199.00,28,10000,2062.00
73,4,207.60,26,5525,1198.93
76,5,230.00,27,6000,1185.60
74,1,202.60,32,1000,205.80
76,2,177.70,28,2900,599.79
76,5,182.00,28,6000,1242.00
76,4,223.60,28,6000,1178.40
73,1,191.20,22,8146,1798.64
77,4,196.60,34,253,44.99
74,2,207.00,26,6000,1297.20
77,3,197.00,32,770,150.15
73,4,207.60,35,240,44.97
75,4,176.00,26,3000,639.00
80,3,206.60,32,780,155.84
74,1,204.00,28,2500,530.50
74,3,203.80,26,1500,293.40
74,2,186.00,31,466,89.96
74,1,182.20,24,2782,599.80
75,4,205.00,34,500,180.00
78,3,200.00,28,916,179.86
74,1,198.60,27,4000,876.00
74,1,197.40,26,1500,323.70
73,1,183.60,28,1500,310.50
73,2,184.80,26,6000,1287.60
73,4,205.20,25,6000,1317.60
75,4,180.20,32,250,47.50
73,3,196.40,28,1500,300.00
75,2,208.40,32,2000,366.40
76,3,235.00,32,750,138.83
76,4,233.20,24,2821,599.74
73,2,190.00,29,1481,300.00
77,3,193.00,31,2000,399.20
72,1,195.00,29,1475,300.00
76,2,176.20,31,2000,386.40
73,1,203.00,35,800,145.76
77,3,190.80,30,2000,387.20
70,3,174.40,26,3000,652.80
73,3,196.40,36,483,89.96
76,2,180.00,33,1000,194.20
74,5,183.30,26,6000,1258.80
76,4,223.00,37,1000,189.60
76,4,233.20,33,630,119.98
76,4,227.80,27,1471,300.00
72,2,196.80,35,2000,396.40
80,3,206.60,28,2500,524.50
73,3,196.40,36,2000,375.20
76,4,223.60,26,1500,296.10
76,5,227.00,25,2000,415.20
77,3,180.20,30,2000,383.60
75,1,193.00,34,760,144.10
73,1,197.40,26,6000,1273.20
74,1,206.20,28,2884,599.94
74,1,182.20,28,1500,318.00
76,4,227.80,28,2500,522.50
75,4,179.80,31,2000,390.80
76,5,184.80,24,2880,599.62
77,3,216.80,40,250,43.60
76,1,195.20,26,3000,624.00
74,2,206.60,34,245,44.99
74,1,198.60,27,3000,639.60
73,2,197.00,24,2500,542.00
72,2,196.80,26,1500,304.50
76,4,228.00,33,1000,185.20
76,5,227.00,31,1500,290.10
72,1,199.40,34,462,89.97
76,4,235.00,32,2000,363.20
76,4,233.00,32,2000,367.20
76,4,177.60,28,3000,611.40
75,5,186.00,32,638,119.88
74,5,183.60,33,500,180.00
73,2,183.00,27,862,179.90
73,1,201.00,26,1500,316.20
72,1,182.80,21,8322,1799.22
75,5,181.80,31,483,89.94
76,4,240.10,29,3360,660.00
77,3,190.40,30,2000,404.40
77,3,199.00,37,1000,206.00
76,3,180.00,35,750,144.77
77,3,193.00,32,2000,397.60
72,2,151.00,27,1500,326.70
74,1,182.20,26,2709,599.77
73,2,183.00,38,157,30.03
76,3,178.80,27,874,179.95
76,2,178.00,31,2000,388.80
74,3,203.80,28,6000,1177.20
71,1,186.20,26,3000,620.40
72,1,187.00,24,2500,522.00
74,2,204.00,26,6000,1273.20
76,1,195.20,24,2895,599.84
74,3,200.60,27,10000,2026.00
73,1,178.00,32,800,160.48
76,5,184.80,25,3000,613.20
74,2,186.00,31,800,156.32
73,2,183.00,32,2000,388.00
77,4,194.60,34,241,44.93
75,3,179.80,30,2000,393.20
75,5,197.00,29,6000,1239.60
77,3,206.00,32,750,141.92
75,4,181.00,22,5343,1198.97
77,3,190.00,32,2000,394.80
77,4,220.40,32,2000,368.00
76,4,230.00,28,2500,508.50
77,4,194.60,32,396,74.98
72,1,195.00,41,250,45.60
72,2,196.80,37,162,30.12
76,4,227.50,26,3226,660.00
75,4,205.00,34,761,145.81
78,2,203.00,43,250,43.80
73,4,200.00,34,1500,281.40
76,4,225.00,29,2000,384.00
76,4,190.00,25,1500,313.80
76,3,179.80,35,1000,193.40
71,1,186.20,24,4000,843.20
75,4,206.90,31,3245,660.00
76,4,227.80,29,758,143.41
72,2,196.80,27,6000,1250.40
77,4,192.00,25,10000,2106.00
74,1,198.60,35,391,74.97
74,1,197.40,32,313,59.94
75,2,210.00,31,2000,377.60
76,4,190.00,26,853,179.90
77,2,225.00,29,1527,300.00
73,1,197.40,25,3000,619.80
76,4,190.00,31,465,90.00
72,2,185.00,37,394,75.00
75,5,202.00,25,2500,499.00
78,1,202.00,32,500,96.90
76,4,227.00,33,2000,374.80
73,3,197.00,34,2000,380.40
74,1,197.40,30,2000,398.80
72,1,187.00,35,750,145.72
73,3,197.00,33,2000,376.40
74,2,186.00,26,5374,1199.48
77,3,215.00,27,4000,837.60
70,2,175.00,32,500,180.00
76,1,195.20,27,1500,298.80
73,1,178.80,30,2000,389.60
72,2,196.80,27,1500,300.30
73,3,196.40,25,2823,599.53
73,1,178.00,35,1500,302.40
74,1,197.40,31,500,97.80
77,4,194.60,30,800,154.40
74,1,205.00,36,500,97.60
76,4,230.00,27,1500,296.70
73,1,201.00,34,157,30.19
80,3,208.40,32,1000,193.40
72,1,199.40,27,1500,311.40
72,2,196.80,31,800,155.20
75,4,183.60,32,2000,375.60
75,3,182.00,31,750,146.88
78,2,201.20,35,1000,183.40
76,5,208.60,25,2898,599.96
76,3,178.80,34,163,30.09
77,4,192.40,24,2900,599.72
75,4,178.80,29,2914,599.77
78,2,196.40,35,2000,372.00
75,3,185.00,26,2000,395.20
76,4,240.00,28,2500,484.50
76,3,176.00,32,2000,393.20
76,4,230.00,26,3000,591.60
73,1,178.90,27,6000,1274.40
76,3,177.40,24,6000,1274.40
74,1,182.20,27,3000,642.60
75,1,193.00,30,1502,300.00
73,1,181.30,35,500,180.00
73,2,184.80,37,486,89.98
73,2,184.80,36,160,30.08
74,2,170.00,27,1500,323.40
77,4,190.80,25,4000,838.40
74,2,186.00,28,6000,1291.20
77,3,196.30,27,6000,1282.80
73,4,199.00,24,2787,599.69
78,1,202.00,34,500,180.00
75,3,165.00,33,304,59.90
78,1,202.00,27,1500,300.00
73,2,183.00,32,800,149.60
74,1,203.00,34,2000,403.60
72,1,185.00,27,1500,306.60
72,1,185.00,27,4000,855.20
70,2,175.00,35,250,48.20
74,2,204.00,26,6000,1306.80
78,1,202.00,32,765,146.57
76,1,195.20,26,1500,300.30
75,3,188.00,24,6000,1245.60
70,2,175.00,33,1000,206.40
74,1,201.40,31,2000,396.00
76,4,233.00,32,2000,367.60
77,4,223.60,34,1000,192.40
76,4,240.00,28,3091,599.59
75,4,205.00,34,761,145.05
74,2,196.40,32,1500,295.50
78,1,200.80,33,1000,189.20
77,4,196.60,27,1500,291.90
73,3,199.40,26,3000,644.40
76,3,178.80,34,800,150.56
72,2,196.80,36,2000,374.80
73,1,186.00,32,1500,313.80
75,3,165.00,25,1500,326.70
76,2,180.00,26,6000,1273.20
75,3,168.40,21,7789,1791.47
76,3,195.00,30,6000,1171.20
76,4,177.60,25,6000,1275.60
72,2,196.80,24,2817,600.09
77,3,215.00,34,406,74.95
77,3,215.00,30,6000,1206.00
74,1,201.80,22,5093,1199.91
75,3,206.00,34,2000,384.00
78,3,200.00,27,1500,289.20
76,5,184.80,25,867,179.93
74,1,198.60,34,236,44.97
73,1,203.00,25,1500,297.60
73,4,199.00,27,1500,297.60
78,2,203.00,39,500,90.70
73,2,181.00,23,10000,2116.00
76,5,184.80,25,1500,312.90
72,1,199.40,28,6000,1299.60
73,2,183.00,25,10000,2144.00
75,3,188.00,29,2000,390.40
76,5,184.80,25,1500,306.30
77,3,191.20,31,759,146.79
72,2,151.00,35,303,59.96
76,5,184.80,26,874,179.91
77,3,212.60,35,1000,197.60
75,5,182.00,26,4000,833.60
77,4,196.60,26,4000,810.40
76,4,228.00,37,2000,355.60
73,1,183.60,36,2000,393.20
70,3,174.40,26,2715,599.47
73,1,201.00,30,800,166.40
77,2,216.60,30,2000,371.60
76,4,230.00,37,422,74.93
74,1,182.20,25,2000,427.60
78,1,201.00,25,2500,510.00
78,3,205.00,35,800,146.08
73,4,207.60,34,800,153.44
77,4,194.60,24,2855,599.55
73,1,178.00,25,2500,520.00
77,3,192.10,26,6000,1293.60
73,2,183.00,41,240,44.99
75,2,215.70,27,6000,1213.20
74,3,203.80,27,6000,1194.00
72,1,199.40,27,1500,317.10
74,2,170.00,28,825,179.93
73,4,199.00,27,6000,1244.40
76,3,177.40,22,8462,1799.02
73,2,184.80,24,2884,599.87
76,2,177.00,34,1000,191.60
77,3,206.00,31,2000,372.80
76,1,195.20,30,395,74.96
72,2,182.00,27,3000,656.40
72,2,196.80,37,326,59.96
77,3,215.00,27,1500,294.60
76,2,178.00,31,767,150.95
76,4,190.00,24,2719,599.81
76,3,231.30,29,2907,599.94
76,2,168.00,31,500,180.00
75,3,205.40,34,2000,388.40
76,5,184.80,33,477,89.94
73,1,182.80,32,2000,399.60
74,1,205.00,30,1449,300.00
73,4,199.00,28,877,179.90
76,2,167.00,28,2981,660.00
73,1,203.00,30,895,179.83
75,1,195.00,28,2500,505.50
75,4,181.00,34,2000,378.40
76,4,228.00,29,2000,378.80
78,3,200.00,34,419,74.99
77,4,194.60,24,2809,599.51
73,1,185.00,26,1500,304.50
74,2,170.00,25,6000,1368.00
80,3,206.60,32,250,48.70
74,1,196.40,26,10000,2186.00
78,2,203.00,38,750,136.50
74,3,205.00,25,2000,397.60
77,3,212.60,35,1000,183.00
77,2,215.00,32,2000,372.00
76,2,168.60,32,2000,404.80
77,4,194.60,25,1500,306.30
76,3,177.40,34,2000,377.60
75,2,214.20,34,1000,189.40
77,3,190.40,30,2000,396.00
79,1,203.00,32,2000,379.60
75,5,186.00,31,1500,288.90
74,3,205.00,36,2000,369.60
77,4,192.40,31,800,155.84
73,3,196.40,26,847,179.86
72,2,185.00,24,2806,599.92
76,4,190.00,25,1500,312.60
76,2,168.00,32,1000,202.40
75,1,192.40,33,1000,191.20
73,3,195.00,28,1500,300.00
76,3,178.80,26,4000,840.00
73,1,184.40,26,6000,1400.40
75,4,180.20,32,500,180.00
73,1,178.00,25,3000,637.80
75,3,165.00,33,152,30.21
72,1,199.40,36,317,59.94
77,3,215.40,25,3000,595.80
76,4,230.00,36,507,89.94
77,4,194.60,32,628,119.98
73,1,197.00,26,3000,641.40
77,3,199.00,24,2500,526.50
74,1,182.20,34,2000,394.00
74,2,170.00,30,2000,409.20
77,4,220.00,28,2500,504.00
76,1,195.20,30,2000,382.80
72,2,149.80,31,1500,317.10
76,5,208.60,25,5118,1199.66
78,3,200.00,26,5491,1199.23
78,3,200.00,26,3000,595.80
74,5,183.00,35,750,140.43
73,2,182.60,25,4000,838.40
72,1,185.00,34,322,59.99
74,2,170.00,32,223,44.98
74,2,169.40,25,3000,660.00
75,3,189.60,32,250,47.10
76,3,235.00,32,500,93.50
76,5,230.00,34,423,74.96
75,3,168.40,24,5244,1199.83
72,2,182.00,27,1500,313.50
73,1,203.00,24,2949,599.83
77,3,190.00,36,750,145.70
73,4,199.00,27,6000,1228.80
70,3,174.40,34,233,44.97
76,3,176.00,32,2000,405.20
73,4,205.20,24,4000,853.60
76,4,190.00,32,616,119.96
76,3,182.10,27,6000,1213.20
74,2,170.00,25,2692,599.78
76,1,195.20,22,8601,1799.33
74,1,182.20,35,800,163.52
75,5,201.60,37,250,44.20
75,3,183.00,28,2500,538.50
76,5,208.60,29,6000,1196.40
77,3,202.00,38,250,46.00
72,2,182.00,25,1500,315.60
73,1,176.00,27,2811,599.80
76,5,230.00,26,3000,600.00
73,4,207.60,27,6000,1257.60
79,1,205.00,34,500,94.80
74,1,198.60,26,2747,599.87
76,3,224.60,34,500,180.00
75,5,182.00,34,329,59.94
77,4,220.00,28,1518,300.00
77,3,191.20,32,500,93.80
75,1,195.00,32,2000,382.40
77,4,218.80,32,750,136.58
74,1,197.40,32,237,44.97
73,1,182.40,31,2000,388.00
77,3,187.40,36,500,180.00
77,4,194.60,26,3000,624.00
76,5,230.00,26,4000,800.80
77,3,190.00,28,1441,300.00
72,2,196.80,33,2000,389.20
75,4,181.00,27,800,156.80
75,5,197.00,26,6000,1257.60
77,4,194.60,25,4000,837.60
75,2,210.00,29,1538,300.00
77,4,198.20,25,4000,830.40
77,3,215.00,32,800,156.32
74,1,182.20,30,6000,1284.00
76,4,233.20,25,1500,312.60
77,4,222.00,31,2000,374.40
73,2,182.60,27,3000,616.20
77,3,215.00,24,2907,599.42
75,4,180.20,32,500,94.90
79,1,205.00,32,774,153.25
74,2,186.00,25,3000,634.20
73,4,207.60,25,2824,599.82
74,1,205.40,28,3204,660.00
78,3,200.00,29,6000,1174.80
76,3,223.00,30,1556,300.00
76,4,239.40,25,2500,493.50
72,1,182.80,30,6000,1233.60
76,4,232.60,25,4000,787.20
74,2,204.00,27,10000,2166.00
77,4,190.80,27,3000,621.00
74,2,204.00,24,2000,421.60
78,1,203.80,36,1000,198.20
77,3,201.80,31,2000,388.80
75,5,197.00,24,10000,2106.00
74,1,182.20,35,597,119.96
70,2,177.00,30,1415,300.00
75,4,181.00,24,2741,599.73
74,2,206.60,26,1500,305.10
77,3,193.80,31,2000,378.80
76,4,233.20,22,8700,1799.16
74,1,197.40,24,2723,600.08
75,4,181.00,26,1500,314.70
70,2,172.00,28,6000,1317.60
77,3,202.00,28,2500,522.00
73,1,201.00,34,477,89.99
77,3,215.40,26,6000,1261.20
76,4,222.70,32,766,144.77
77,2,220.40,34,1000,184.80
75,4,204.00,33,2000,372.40
72,2,149.80,23,5048,1199.40
72,1,182.80,34,2000,375.60
79,1,204.00,29,3242,660.00
73,1,197.00,25,3000,635.40
73,1,181.30,35,2000,382.40
73,1,181.00,35,2000,378.00
80,3,208.60,30,2000,395.20
74,3,203.80,33,496,89.95
70,2,175.00,31,1437,300.00
76,3,235.00,32,250,46.30
74,3,203.80,28,6000,1179.60
73,1,201.00,25,1500,317.70
76,4,225.00,30,2000,377.60
76,4,233.20,30,6000,1206.00
74,2,170.00,25,2654,599.88
76,3,177.00,31,2000,389.60
73,1,178.00,30,800,165.44
73,1,197.00,25,3000,640.20
75,4,185.40,34,1000,188.00
73,4,200.00,34,653,119.93
74,1,198.60,32,157,30.00
72,2,185.00,28,1500,311.10
75,5,197.00,25,2732,599.87
80,3,205.30,28,3173,660.00
77,4,198.20,26,3000,598.20
75,3,168.40,24,10000,2356.00
73,1,203.00,34,416,74.99
78,3,200.00,34,168,30.00
77,4,192.40,31,1500,283.80
73,1,199.00,32,2000,367.60
76,3,195.00,29,6000,1196.40
73,4,207.60,25,3000,637.20
73,3,196.40,37,245,44.95
72,1,178.30,35,2000,396.40
78,3,200.00,33,800,144.80
76,5,182.00,22,8504,1799.45
78,3,205.00,26,4000,805.60
75,2,215.70,31,1000,185.00
74,2,170.00,26,4000,916.00
75,3,169.00,26,3000,687.00
73,2,184.80,33,2000,374.40
78,3,200.00,25,1500,294.30
74,3,203.80,32,2000,370.00
75,3,207.60,33,2000,381.20
76,4,227.80,29,1000,189.60
76,1,195.20,27,6000,1215.60
76,4,190.00,29,2000,396.80
70,3,173.40,31,2000,409.60
74,1,197.40,27,1500,307.50
76,2,180.00,28,2500,517.00
76,4,178.00,31,157,30.11
73,2,197.00,33,2000,386.40
75,4,176.00,24,6000,1299.60
76,4,232.60,26,3000,579.00
77,3,190.00,24,2500,534.50
78,1,202.50,27,6000,1242.00
76,5,184.80,26,3000,618.60
76,1,195.20,25,1500,305.40
77,3,190.00,31,781,155.26
77,4,220.00,36,250,43.40
73,4,199.00,34,411,74.99
75,2,210.00,32,2000,367.60
76,2,180.00,37,767,145.88
77,3,190.40,29,2000,395.20
74,3,203.80,24,2970,599.94
77,3,190.10,31,6000,1275.60
72,1,195.00,35,500,96.30
73,2,184.60,25,4000,876.00
78,1,203.00,30,1482,300.00
70,3,173.40,32,1500,315.00
73,2,183.00,37,319,59.94
72,2,183.00,27,6000,1286.40
72,2,151.00,27,6000,1316.40
70,2,176.00,27,6000,1339.20
72,2,185.00,30,835,179.90
75,3,180.00,31,2000,397.60
76,4,225.00,30,2000,385.20
75,3,187.00,38,750,142.45
74,1,198.60,31,614,119.98
70,3,174.40,31,2000,424.80
76,4,222.80,27,10000,1992.00
70,3,173.40,22,7925,1798.98
75,3,204.80,34,2000,382.80
72,2,196.80,26,6000,1252.80
72,1,190.00,35,2000,396.00
75,2,212.00,32,2000,367.60
80,3,205.00,33,750,144.77
74,1,197.40,27,6000,1276.80
73,2,184.80,35,404,74.94
79,1,205.00,29,1473,300.00
79,1,205.00,34,1000,199.20
76,4,240.00,32,250,44.60
73,4,199.00,26,3000,622.80
77,3,211.50,30,3347,660.00
70,3,174.40,33,465,89.93
77,3,215.00,24,2858,599.61
77,3,212.00,27,6000,1209.60
73,4,205.00,25,6000,1261.20
71,1,197.60,26,3000,640.80
76,4,190.00,24,2757,599.92
76,5,184.80,24,2889,599.76
74,1,205.00,36,778,156.53
72,2,196.80,26,3000,622.80
73,1,203.00,36,168,29.99
75,5,199.00,26,2000,413.60
76,5,184.80,33,321,59.99
76,4,227.80,34,500,180.00
75,5,187.20,24,2000,416.00
72,1,199.40,33,2000,405.20
76,4,190.00,24,6000,1298.40
72,2,182.00,29,851,179.97
74,1,201.80,26,4000,855.20
76,4,233.20,32,405,74.93
75,3,165.00,27,1500,317.70
74,2,206.60,24,2772,599.86
75,5,182.00,25,2891,599.59
76,4,240.20,28,6000,1176.00
74,1,202.00,24,2500,537.50
70,3,168.40,25,4000,877.60
74,2,186.00,32,387,74.96
74,1,197.40,29,1500,304.50
76,2,177.00,32,2000,382.00
76,2,177.60,34,1000,198.20
74,3,203.80,27,912,179.99
76,4,190.00,26,6000,1279.20
72,2,171.40,25,10000,2136.00
78,3,200.00,35,336,59.99
73,4,197.20,22,8520,1799.42
75,4,186.00,34,2000,377.20
76,3,229.50,30,3008,599.86
70,3,174.40,26,1500,321.00
74,1,182.20,37,311,59.96
76,3,225.40,37,1000,181.40
77,3,197.30,31,2000,392.00
76,1,195.20,27,879,179.94
75,5,182.00,31,405,74.94
75,3,208.90,27,6000,1267.20
75,3,165.00,24,2732,599.95
76,2,178.90,25,6000,1255.20
77,4,198.20,26,6000,1263.60
73,2,183.00,22,8185,1799.06
70,3,173.40,32,800,166.08
73,1,183.60,30,814,179.89
73,1,180.00,28,1500,307.20
74,1,201.80,26,6000,1326.00
72,2,196.80,22,5360,1199.57
75,3,165.00,31,2000,408.80
73,1,178.00,33,384,74.99
76,1,170.40,32,1000,208.40
73,1,203.00,30,6000,1203.60
75,4,208.00,33,2000,380.80
76,5,184.80,25,4000,831.20
77,4,192.40,26,3000,634.20
76,4,233.20,26,4000,820.00
73,1,186.00,22,8117,1798.73
78,3,200.00,27,1500,289.50
74,1,182.20,26,10000,2220.00
79,1,205.00,24,2500,523.50
77,3,215.00,24,2840,599.81
78,3,205.00,26,3000,595.20
76,3,176.00,31,2000,406.40
73,1,178.80,36,1000,191.20
74,5,183.60,35,771,149.42
73,1,201.00,26,3000,637.20
77,4,192.40,31,2000,384.80
74,2,206.60,30,800,153.60
75,3,211.60,33,1000,199.40
76,5,208.60,33,477,89.94
76,5,184.80,31,800,151.84
77,3,190.60,32,2000,370.00
77,3,215.40,25,4000,817.60
70,2,173.00,27,2804,599.50
72,2,183.00,24,10000,2180.00
73,4,207.60,25,3000,638.40
75,3,165.00,27,1500,320.40
75,5,202.00,30,750,138.35
74,2,206.60,27,3000,629.40
73,1,199.00,30,6000,1203.60
76,5,184.80,29,500,97.30
75,4,180.20,32,757,144.44
78,3,200.00,24,3011,599.79
78,1,205.00,35,2000,379.20
77,3,197.00,34,1000,195.20
73,1,203.00,24,2956,599.48
76,4,237.00,35,750,134.22
74,1,182.20,36,388,74.96
74,3,203.80,25,2983,599.58
74,2,207.00,24,2000,410.80
74,5,183.60,34,1000,193.60
73,2,183.00,26,1500,307.20
75,1,193.00,35,1000,189.20
76,3,223.00,28,3409,660.00
76,4,235.00,32,2000,355.60
75,5,201.00,28,6000,1225.20
77,4,201.00,26,3000,639.60
73,2,182.60,29,3000,611.40
75,3,183.00,32,250,48.80
73,1,203.00,33,2000,374.00
75,4,179.00,31,2000,388.40
73,1,178.00,26,6000,1314.00
72,2,182.00,27,4000,871.20
75,5,186.00,22,8528,1799.41
77,3,218.00,29,1511,300.00
79,1,205.00,34,250,46.30
73,1,180.00,27,6000,1274.40
76,3,178.80,33,480,89.93
77,4,220.00,36,500,180.00
73,2,181.00,22,5090,1199.20
76,5,208.60,28,1500,298.20
76,3,230.60,26,6000,1239.60
74,1,197.40,27,1500,310.20
70,2,183.30,33,2000,400.40
77,4,196.60,27,883,179.96
70,3,174.40,33,154,30.31
74,1,204.00,31,1000,196.40
74,1,197.40,25,3000,646.80
75,2,212.00,28,2500,496.00
73,3,196.40,27,3000,630.00
73,2,184.80,27,6000,1230.00
77,3,202.00,35,1000,190.20
75,5,195.00,33,2000,373.60
76,2,178.00,35,500,180.00
73,3,197.20,29,2949,599.89
73,2,181.00,27,6000,1257.60
73,3,197.00,32,2000,375.60
73,1,178.00,35,235,44.97
74,3,205.00,25,4000,805.60
75,4,181.00,23,4000,886.40
73,1,184.40,24,2000,428.80
72,1,185.00,33,800,153.60
76,5,230.00,26,1500,287.70
75,3,181.60,31,1000,206.40
75,3,214.80,28,2859,599.75
76,3,177.40,31,1500,288.60
70,2,175.00,30,750,150.15
77,4,220.00,30,2000,371.60
76,3,235.00,35,1000,197.40
73,1,201.00,22,5020,1199.78
73,2,181.00,36,800,151.04
74,2,174.00,28,6000,1299.60
74,3,203.80,35,335,59.94
77,4,194.60,26,2000,388.00
76,2,168.00,24,2500,557.00
74,5,180.00,33,2000,386.40
78,3,200.00,25,2998,600.13
76,4,230.00,36,258,44.97
76,5,184.80,24,6000,1284.00
74,1,197.40,32,155,30.08
71,1,186.20,24,6000,1292.40
77,4,190.80,26,3000,616.80
76,3,235.00,34,1000,187.00
73,1,178.00,26,1500,321.30
77,3,190.00,28,2500,537.50
73,1,181.30,44,250,44.70
74,5,184.80,32,1000,190.00
74,2,186.00,32,800,155.68
75,4,205.00,35,250,47.30
75,4,205.00,29,750,139.90
78,1,203.00,32,1000,187.80
77,2,220.00,33,2000,359.20
74,2,169.40,24,4000,899.20
77,3,217.00,25,2500,497.50
78,3,205.00,35,661,119.91
75,4,179.80,32,2000,384.80
79,1,203.00,28,1471,300.00
76,3,195.00,31,619,119.96
73,2,184.60,26,6000,1305.60
73,1,197.40,25,3000,613.80
74,1,198.60,37,312,59.95
78,1,200.70,31,2000,382.80
75,5,181.80,26,875,179.99
76,3,179.80,35,500,95.80
76,3,234.00,28,1509,300.00
77,4,198.20,26,3000,600.60
75,4,205.00,33,2000,378.80
76,3,179.00,26,6000,1268.40
74,2,186.00,26,3000,645.00
76,4,190.00,33,315,59.98
74,2,186.00,32,2000,379.60
76,2,169.10,29,2000,412.80
77,4,194.60,27,6000,1222.80
73,4,199.00,24,2860,599.46
73,1,201.00,27,6000,1278.00
76,4,223.60,24,3001,599.67
77,3,202.00,33,1000,200.20
74,3,205.00,26,3000,595.80
76,4,232.60,37,500,88.60
77,4,222.00,31,2000,376.00
73,4,199.00,34,160,30.05
75,3,206.00,31,2000,383.60
72,1,185.00,36,243,44.95
72,2,183.00,22,8254,1799.37
72,2,149.80,31,2000,408.80
77,3,188.20,31,2000,374.40
73,1,178.00,36,312,59.99
76,4,240.80,34,1000,188.20
75,5,182.00,24,2864,599.72
75,3,188.00,30,2000,395.20
73,1,178.00,25,6000,1318.80
77,4,220.00,35,753,136.74
75,4,181.00,31,394,74.94
76,1,167.60,28,3099,660.00
73,1,201.00,35,319,59.97
74,3,203.80,36,169,29.99
76,3,195.00,24,3003,600.00
73,2,184.80,25,3000,633.00
73,2,184.80,32,2000,391.20
75,3,165.00,26,6000,1326.00
73,2,183.00,26,1500,308.40
76,4,222.70,27,6000,1242.00
76,3,226.00,33,2000,376.80
73,1,183.60,30,6000,1281.60
73,4,200.00,35,800,148.00
76,3,221.80,34,2000,359.60
73,3,197.00,34,750,139.80
73,4,199.00,26,1500,309.90
76,1,169.30,34,1000,194.80
73,4,207.60,25,1500,313.50
74,1,198.60,25,1500,315.90
76,3,195.00,26,3000,592.80
73,2,183.00,23,5318,1199.74
76,5,208.60,34,162,30.00
75,3,188.00,23,3022,660.00
73,1,180.00,31,2000,379.20
73,4,199.00,28,4000,835.20
76,1,167.00,32,2000,398.00
75,3,205.40,35,500,97.90
75,4,181.00,30,800,156.16
72,1,185.00,27,1500,304.20
72,1,199.40,34,500,99.30
78,3,205.00,35,2000,365.60
73,1,199.00,36,650,119.89
73,2,184.80,26,859,179.94
78,2,196.40,35,2000,372.40
73,4,207.60,27,1500,305.70
74,2,186.00,30,2000,396.40
78,3,200.00,28,6000,1179.60
76,5,230.00,26,912,179.87
74,2,170.00,26,3000,678.60
73,2,183.00,27,844,179.90
77,3,216.80,33,2000,366.80
75,4,205.00,30,1500,300.00
73,1,185.00,25,1500,308.10
74,2,195.00,29,1500,307.50
77,4,201.00,26,3000,639.00
76,3,179.80,37,250,47.10
76,4,233.20,23,5235,1199.86
72,1,199.40,28,839,179.97
73,1,201.00,28,6000,1304.40
75,3,165.00,31,2000,412.00
70,3,174.40,31,800,165.12
75,2,207.00,27,3001,599.53
73,2,184.80,27,6000,1254.00
73,1,191.20,30,1500,317.70
74,2,186.00,31,800,155.20
76,3,176.00,32,2000,408.80
79,1,205.00,32,774,151.70
73,1,203.00,30,6000,1214.40
73,4,199.00,35,245,44.95
73,3,195.00,28,2500,534.00
74,3,203.80,27,3000,596.40
78,2,206.10,36,2000,368.40
73,1,182.00,34,1000,193.60
76,4,224.20,37,1000,198.40
76,1,195.20,32,639,119.91
73,1,178.00,25,2739,599.84
76,3,177.40,26,6000,1237.20
79,1,205.00,31,2000,384.00
75,3,169.00,25,3000,661.20
76,3,179.00,28,2500,520.00
77,3,216.80,34,1000,181.80
74,1,196.40,28,6000,1285.20
76,4,222.70,30,766,148.14
75,5,187.20,27,3000,622.80
76,4,230.00,36,343,60.00
75,4,183.50,28,2500,513.50
73,2,184.80,25,1500,317.10
76,5,184.80,25,6000,1245.60
74,2,206.60,27,6000,1243.20
76,2,164.40,27,6000,1341.60
70,3,174.40,27,1500,322.50
77,3,183.00,26,3152,660.00
78,3,200.00,26,1500,291.30
73,1,201.00,27,846,179.99
71,1,197.60,26,3000,640.80
75,4,181.00,31,240,44.95
75,5,197.00,31,2000,379.60
73,1,184.40,25,4000,897.60
76,4,202.00,29,2000,386.80
74,2,206.60,34,2000,383.20
73,2,184.80,26,4000,853.60
76,3,177.40,34,636,119.95
74,2,174.00,26,6000,1310.40
77,3,187.60,34,1000,196.80
72,1,195.00,28,2500,516.50
72,1,185.00,29,862,179.99
77,4,192.40,26,1500,299.10
73,4,207.60,24,2712,599.89
73,3,196.40,36,324,59.94
76,5,208.60,26,1500,304.20
76,3,177.40,25,3000,621.60
77,4,196.60,28,1500,290.70
75,3,205.40,29,1475,300.00
72,2,196.80,38,246,44.98
76,4,222.70,34,500,180.00
77,4,220.00,25,2500,509.50
77,3,187.40,28,1505,300.00
71,1,197.60,25,6000,1338.00
74,1,197.00,30,1500,314.10
78,2,196.40,34,2000,372.00
73,1,201.00,34,800,152.64
74,2,186.00,25,1500,313.80
74,1,197.40,25,1500,320.40
80,3,207.00,31,2000,390.40
76,4,222.80,30,6000,1164.00
75,3,165.00,28,6000,1314.00
73,2,184.80,37,241,44.99
75,4,180.20,33,1000,190.40
77,3,206.00,27,2000,388.00
74,2,195.00,25,3000,650.40
78,1,204.00,34,750,140.73
73,1,183.60,37,317,59.99
74,2,206.60,27,4000,843.20
75,3,183.00,32,500,98.00
75,3,165.00,30,800,163.68
76,4,239.40,28,6000,1188.00
74,1,201.00,31,2000,398.00
71,1,197.60,25,3000,642.60
75,4,180.20,34,757,140.50
76,4,213.20,31,2000,377.20
75,3,205.40,33,500,180.00
70,3,168.40,27,3000,673.80
73,1,186.00,37,617,119.91
73,3,196.40,27,6000,1266.00
73,1,197.00,24,2000,431.20
73,1,185.00,34,323,60.00
76,1,194.20,25,3000,617.40
74,1,182.20,30,6000,1286.40
77,4,220.00,33,1000,189.40
75,3,184.60,35,1000,194.60
75,4,205.00,34,2000,377.60
74,1,197.40,27,6000,1264.80
74,1,182.20,28,6000,1357.20
75,3,183.00,27,1446,300.00
72,2,151.00,26,1500,336.90
73,4,200.00,36,2000,367.20
75,5,187.20,26,3000,622.20
74,2,206.60,32,401,74.99
76,3,178.80,26,3000,617.40
74,1,182.20,28,3000,645.60
72,1,199.40,34,800,156.32
76,3,226.00,33,2000,364.80
74,1,197.40,24,10000,2214.00
73,1,203.00,28,1500,295.80
70,3,173.40,24,10000,2308.00
78,1,202.00,33,250,46.80
78,3,200.00,28,910,179.90
74,1,197.40,37,2000,387.20
76,4,222.70,30,1000,199.20
75,5,203.80,34,1000,192.40
74,2,206.60,24,2850,599.64
77,3,215.00,27,1500,304.20
77,3,187.40,26,6000,1252.80
74,2,186.00,30,1500,295.50
73,2,184.60,25,3000,640.80
77,2,215.00,34,2000,384.00
73,1,178.80,30,2000,395.60
76,3,235.20,29,3248,660.00
75,4,204.00,33,2000,375.20
73,1,191.20,30,6000,1261.20
76,5,184.80,25,3000,637.80
77,3,215.00,33,800,153.60
73,2,181.00,29,6000,1240.80
77,4,194.60,26,6000,1234.80
72,2,196.80,34,397,74.99
72,2,183.00,30,1500,310.50
76,5,232.20,29,800,149.28
75,3,210.30,28,3182,660.00
77,4,220.00,33,753,139.46
75,1,197.20,30,1506,300.00
77,4,196.60,33,2000,370.40
76,5,230.00,26,925,179.93
77,4,194.60,34,161,30.05
76,3,178.80,25,1500,305.10
77,3,202.00,35,763,144.21
76,5,230.80,28,3000,591.60
76,3,222.80,32,1000,192.40
77,3,206.00,34,2000,369.60
75,4,207.40,33,2000,376.00
75,5,201.60,34,500,180.00
76,5,208.60,27,4000,835.20
76,4,178.00,24,2674,600.51
73,4,207.60,25,4000,857.60
72,1,193.00,27,2855,599.62
74,1,182.20,28,4000,874.40
75,5,199.00,27,6000,1264.80
76,4,232.60,26,3000,581.40
75,4,179.80,32,2000,387.60
75,3,205.40,24,2500,533.50
76,4,223.60,35,170,29.97
76,4,227.80,24,2500,527.00
76,4,230.00,28,1500,287.40
74,5,183.60,30,1487,300.00
74,1,182.20,27,3000,657.60
73,1,185.00,24,2841,599.95
76,4,190.00,22,8266,1798.68
76,1,195.20,24,2712,599.89
72,2,151.00,26,1500,327.30
73,2,184.80,35,322,59.95
72,1,185.00,26,6000,1261.20
74,2,196.40,26,3000,630.60
76,4,190.00,25,3000,644.40
76,2,180.00,29,1471,300.00
76,3,176.00,33,2000,389.20
75,1,197.20,32,2000,383.20
72,1,194.40,32,1000,200.20
74,1,198.60,24,2764,599.79
75,5,201.60,33,1000,187.40
76,4,233.20,26,6000,1248.00
74,1,198.60,33,800,155.20
72,2,182.00,28,6000,1272.00
75,4,180.20,24,2500,523.00
77,3,191.20,31,1000,189.20
75,2,211.00,31,2000,371.20
72,1,199.40,24,2689,599.65
77,4,192.40,27,4000,836.80
73,1,183.60,28,4000,905.60
73,1,180.00,22,8163,1799.13
72,1,182.80,27,6000,1255.20
75,3,188.70,30,1458,300.00
76,4,190.00,32,158,29.99
72,1,199.40,36,238,44.96
76,4,177.60,24,2000,405.60
76,3,183.30,31,2910,600.04
76,3,179.80,32,2000,384.80
70,3,168.40,26,3000,649.80
76,1,195.20,30,325,59.95
76,2,170.00,28,2500,545.50
74,1,182.20,27,4000,883.20
76,3,178.80,35,245,44.98
77,4,196.60,19,5627,1199.68
74,1,197.40,26,4000,864.80
74,2,186.00,27,853,179.96
76,3,179.00,25,2500,521.50
74,2,206.60,26,1500,299.40
72,2,182.00,37,239,44.97
74,1,182.20,29,6000,1288.80
72,2,183.00,33,1500,300.90
76,4,233.20,25,3000,598.20
76,3,195.00,34,408,74.97
73,3,199.40,30,1500,304.50
70,2,172.40,33,2000,416.00
78,3,200.00,33,498,89.97
74,5,183.60,28,2500,520.50
75,4,205.00,32,1000,191.20
72,2,151.00,25,2688,599.96
76,5,227.00,33,2000,382.80
73,2,183.00,33,800,153.44
72,1,199.40,26,3000,648.60
76,3,224.60,32,2000,357.60
76,1,194.20,25,3000,615.00
78,3,201.60,22,8809,1798.80
77,3,191.20,34,250,44.70
75,5,201.60,35,754,139.34
76,4,222.00,30,2000,373.20
72,2,149.80,34,581,119.99
75,3,189.60,32,1000,188.80
72,2,183.00,34,800,160.64
75,3,180.70,28,2797,599.75
76,3,177.40,33,800,150.40
75,1,193.00,32,500,180.00
78,2,205.40,35,1000,188.80
72,2,151.00,24,2684,599.61
72,2,196.80,28,6000,1267.20
74,2,206.60,33,324,59.97
78,3,200.00,27,4000,814.40
76,3,178.80,24,2865,599.43
73,4,207.60,25,3000,637.20
74,2,207.00,31,1500,289.20
73,3,199.40,25,4000,857.60
76,4,233.20,32,244,44.98
77,4,217.00,32,2000,373.20
76,1,169.30,31,2000,405.60
73,1,183.60,32,2000,386.80
77,3,190.00,31,500,99.30
75,5,186.00,25,10000,2112.00
76,5,208.60,33,323,59.97
73,1,183.80,34,2000,395.20
77,4,201.00,24,4000,847.20
74,2,170.00,26,1500,328.50
73,1,185.00,29,2000,395.60
74,2,196.40,25,3000,619.20
78,2,203.00,28,2500,496.50
72,1,182.80,36,633,119.95
77,4,221.90,27,6000,1237.20
76,3,226.00,32,2000,370.40
76,5,227.00,28,6000,1252.80
76,4,190.00,25,1500,322.20
70,2,172.40,34,2000,398.00
74,1,205.00,38,250,47.50
78,1,202.00,28,2500,511.50
76,2,181.00,33,2000,382.80
78,1,203.60,32,2000,375.20
73,1,186.00,26,5109,1199.59
77,3,193.00,30,2000,397.60
77,2,223.00,31,750,136.00
76,3,178.80,35,402,74.95
73,1,197.40,24,2000,407.60
75,3,183.00,30,2000,398.00
72,2,151.00,35,152,30.07
77,3,215.00,25,6000,1252.80
78,2,203.00,30,1534,300.00
74,2,196.40,27,6000,1242.00
73,2,184.80,26,1500,303.60
76,5,184.80,31,2000,389.20
74,2,207.00,33,636,119.89
74,2,204.00,30,1500,312.90
77,4,192.40,26,862,179.92
77,3,216.80,32,752,142.58
76,3,195.00,27,1500,289.50
76,4,222.70,29,1493,300.00
77,3,180.20,25,2500,514.50
75,3,188.00,31,2000,378.40
73,1,178.00,32,2000,396.00
77,4,196.60,32,490,89.91
73,2,184.60,26,3000,626.40
75,3,183.00,25,6000,1304.40
75,5,182.00,36,164,30.13
76,4,233.20,32,163,30.09
73,2,184.60,26,3000,647.40
74,2,186.00,26,4000,850.40
76,5,208.60,27,864,179.84
76,1,195.20,35,161,30.03
73,2,183.00,26,1500,314.10
73,4,200.00,26,3000,619.80
73,4,199.00,24,2903,599.76
77,4,201.00,22,8343,1798.75
76,4,222.70,35,250,44.10
73,1,186.00,36,800,164.32
72,1,182.80,25,10000,2150.00
77,3,191.20,36,1000,197.20
72,1,197.40,27,6000,1288.80
73,1,197.40,25,4000,824.80
77,3,215.00,28,1500,297.00
71,1,186.20,23,2000,418.80
77,4,196.60,26,1500,293.70
78,3,205.00,33,1500,277.80
76,5,232.20,32,671,119.90
74,2,174.00,18,10000,2488.00
73,2,184.80,33,800,152.16
80,3,206.60,32,500,99.40
77,4,196.60,29,6000,1183.20
77,3,215.00,28,6000,1209.60
73,3,196.40,24,2770,599.98
73,1,201.00,27,1500,308.40
75,3,205.40,34,776,153.65
76,2,170.00,30,2000,406.40
72,1,194.70,27,3122,660.00
77,3,215.00,34,486,89.91
79,1,208.30,35,2000,383.20
76,1,167.60,32,2000,396.00
74,2,170.00,33,456,89.99
76,3,178.80,26,1500,299.10
72,2,196.80,26,1500,309.00
73,1,184.30,28,6000,1308.00
75,3,165.00,23,454,89.93
76,4,233.20,31,800,150.08
76,5,184.80,36,242,44.99
73,2,184.80,24,2812,600.08
77,4,196.60,27,3000,597.60
74,1,182.20,34,800,160.80
73,1,183.60,35,2000,400.80
73,1,178.00,26,3000,654.00
75,2,210.00,34,500,180.00
75,4,177.40,29,6000,1236.00
73,1,181.30,32,500,98.60
76,2,168.00,35,250,50.20
74,1,197.40,31,467,89.94
72,1,185.00,24,2859,599.82
74,2,195.00,26,3000,655.80
73,1,182.00,32,750,144.32
76,4,233.20,26,3000,609.00
73,2,181.00,35,622,119.95
75,4,176.00,25,3000,637.80
72,1,193.30,30,2000,406.00
75,2,210.00,32,2000,376.80
79,1,203.50,27,6000,1310.40
77,3,190.00,28,2500,509.00
77,3,215.00,35,325,60.00
70,2,175.20,32,2000,411.20
72,2,196.80,35,633,119.92
74,1,197.40,27,844,179.86
70,2,175.00,34,783,159.58
73,1,178.00,25,2000,422.40
73,1,178.00,29,2000,396.40
74,1,201.80,25,2000,419.20
76,4,228.00,35,1000,198.80
73,1,199.00,27,5508,1199.64
74,1,198.60,28,6000,1266.00
76,5,230.00,36,257,44.95
72,1,199.40,27,6000,1290.00
73,1,197.00,32,2000,379.60
76,5,227.00,22,8365,1798.48
76,5,227.00,27,6000,1270.80
72,1,199.40,33,2000,396.80
77,4,196.60,25,1500,296.10
80,3,209.00,27,6000,1262.40
78,3,200.00,24,3001,599.60
77,3,188.20,31,2000,375.20
76,3,179.80,34,768,148.68
74,5,183.60,35,2000,383.60
73,3,199.40,24,2000,426.00
73,1,183.80,38,773,148.26
76,5,184.80,27,800,158.24
73,4,207.60,27,1500,307.20
75,2,215.70,32,250,45.40
73,1,183.60,37,157,30.03
78,2,203.00,40,750,135.60
76,5,227.00,30,800,156.64
75,2,207.20,27,3333,660.00
76,1,169.30,34,500,99.40
75,3,183.00,34,500,180.00
75,5,196.00,34,2000,376.00
76,3,176.00,34,2000,388.40
73,4,199.00,35,328,59.98
73,1,178.00,27,6000,1326.00
77,3,215.00,28,6000,1226.40
72,1,199.40,32,2000,399.20
77,3,186.50,28,2913,600.01
75,4,176.00,24,4000,856.80
73,1,178.00,26,3000,637.80
76,5,208.60,24,2742,599.95
76,3,235.00,29,2000,386.40
73,4,200.00,25,5345,1199.42
76,5,227.00,25,4000,840.00
75,4,181.00,26,6000,1291.20
73,3,196.40,26,6000,1309.20
76,5,230.00,33,800,143.68
74,2,186.00,26,3000,628.20
77,4,192.40,87,2000,373.60
77,4,196.60,29,6000,1190.40
76,5,232.20,29,1500,273.90
75,3,188.20,34,1000,188.20
73,3,196.40,34,800,154.88
76,4,233.20,28,870,179.85
74,1,197.40,22,7978,1799.84
76,3,235.00,28,2500,534.00
76,1,169.30,30,782,165.31
76,3,179.80,33,768,151.60
76,5,230.00,25,2932,599.82
76,5,208.60,32,800,154.56
73,2,184.80,29,873,179.88
77,4,190.80,24,2000,410.80
73,1,203.00,27,4000,817.60
74,5,180.00,32,2000,385.20
76,5,230.80,26,3000,577.20
74,5,183.50,26,6000,1246.80
73,1,178.00,26,3000,643.20
76,4,218.00,33,750,141.58
77,3,189.80,34,1000,187.80
75,5,182.00,32,800,149.12
76,1,167.00,32,2000,398.40
73,1,178.80,31,2000,383.60
77,4,201.00,26,3000,640.80
79,1,204.00,30,2000,388.40
76,4,233.20,33,490,89.94
76,4,190.00,25,3000,644.40
77,3,197.00,32,770,150.61
75,5,182.00,24,2904,599.97
76,4,232.60,27,3000,577.80
76,4,233.20,33,328,59.99
75,5,186.00,28,5520,1198.94
76,3,177.40,24,5168,1198.98
75,5,197.00,32,158,30.03
74,2,186.00,31,500,94.70
76,1,195.20,29,800,156.48
73,4,199.00,35,491,89.92
73,3,196.40,28,4000,860.00
79,1,203.80,31,2000,387.20
80,3,206.60,28,1437,300.00
77,4,192.40,34,249,44.99
77,4,192.00,22,8551,1799.13
75,4,181.00,31,314,59.94
77,3,187.40,31,759,145.12
73,1,203.00,26,3000,611.40
76,4,240.00,32,500,89.70
73,4,207.60,34,800,152.96
74,1,205.00,33,500,180.00
73,2,183.00,27,6000,1294.80
74,5,183.00,24,2500,526.00
76,3,195.00,35,254,44.96
74,1,205.00,29,1446,300.00
73,1,183.00,25,6000,1264.80
75,5,181.80,27,6000,1227.60
73,1,183.80,39,250,47.30
70,2,173.00,32,2000,403.60
73,4,199.00,28,1500,296.10
76,4,225.00,30,2000,370.80
74,1,197.40,26,853,179.83
75,5,197.00,37,2000,374.00
77,4,196.60,22,8705,1798.45
75,4,181.00,25,2789,599.71
78,3,200.00,33,255,44.97
75,5,201.60,28,2500,494.00
72,2,151.00,27,3000,666.00
74,5,183.60,32,500,99.20
74,2,196.40,22,8509,1798.80
75,4,205.00,28,2500,516.50
77,3,202.00,29,1479,300.00
76,4,190.00,31,2000,386.40
73,3,194.30,28,3245,660.00
72,1,195.00,32,775,153.45
76,4,240.00,31,751,140.59
73,3,196.40,27,6000,1244.40
70,3,174.40,27,6000,1333.20
77,4,192.40,25,1500,303.30
75,3,205.40,40,250,47.00
75,3,169.00,29,1500,327.00
72,2,196.80,25,1500,310.50
74,1,197.40,26,5491,1199.23
73,2,183.00,36,475,89.97
77,2,225.00,35,500,180.00
73,4,205.20,23,2000,419.60
74,1,198.60,33,2000,394.40
73,2,191.00,32,2000,382.80
72,1,199.40,27,4000,882.40
73,1,178.00,25,1500,318.00
73,2,184.80,27,1500,300.00
72,2,196.80,36,800,152.00
77,4,192.40,27,6000,1222.80
73,1,182.00,37,750,141.57
76,3,179.80,33,500,180.00
73,1,203.00,27,1500,296.40
75,5,199.00,25,3000,622.20
75,3,165.00,25,1500,323.10
75,4,205.00,34,2000,374.80
74,1,198.60,28,6000,1276.80
72,2,149.80,27,6000,1352.40
76,2,168.00,32,785,162.18
76,5,208.60,25,1500,312.00
80,3,206.90,27,6000,1296.00
76,2,170.00,32,2000,411.20
72,1,195.00,35,775,150.97
76,3,177.40,30,800,156.48
75,3,205.40,26,6000,1291.20
76,5,227.00,31,800,156.32
73,1,183.60,38,396,75.00
74,1,201.80,33,2000,393.20
74,2,174.00,22,7964,1799.86
75,3,189.60,28,2500,514.50
75,3,189.60,28,1476,300.00
73,1,178.00,26,6000,1251.60
74,1,205.00,34,778,154.67
77,3,195.00,24,2500,532.50
72,2,182.00,36,319,59.96
76,3,235.00,27,6000,1285.20
73,2,183.00,36,644,119.94
73,3,196.40,37,161,30.03
75,3,168.40,31,2000,403.20
76,5,184.80,27,800,157.12
78,1,201.80,23,6000,1256.40
73,2,198.40,33,2000,380.40
75,5,181.80,26,1500,299.10
74,2,186.00,27,1500,308.40
74,2,186.00,33,621,119.88
77,3,185.50,25,6000,1272.00
75,5,187.20,26,3000,622.20
76,3,179.80,34,1000,205.40
76,4,230.00,28,1500,292.80
73,2,183.00,36,800,152.80
73,3,196.40,34,2000,387.20
75,2,212.00,36,1000,185.00
79,1,209.20,32,750,141.32
80,3,206.60,30,780,158.34
72,1,199.40,29,6000,1284.00
76,1,169.30,41,250,46.50
78,3,205.00,25,2000,391.20
76,1,169.30,31,782,162.97
76,3,177.40,26,3000,615.00
72,2,171.40,24,2000,416.00
76,5,230.00,36,342,59.93
72,2,182.00,35,2000,396.80
73,1,183.00,30,627,119.91
75,1,197.20,32,2000,384.40
77,3,190.00,32,250,48.90
74,2,186.00,32,2000,388.80
74,3,200.60,26,6000,1228.80
73,1,201.00,35,237,44.96
76,2,165.00,30,2000,409.20
76,5,184.80,24,2795,599.88
70,3,173.40,25,5245,1199.01
77,4,196.60,30,6000,1196.40
76,4,178.00,32,185,35.00
74,5,183.00,33,2000,381.20
70,2,175.80,33,1000,199.80
75,1,199.20,34,2000,386.00
76,4,190.00,30,2000,386.00
73,1,199.00,22,8491,1798.39
76,3,178.80,34,323,59.96
74,5,183.50,29,1476,300.00
73,1,184.30,36,500,180.00
76,3,195.00,25,1500,307.50
74,3,205.00,33,655,119.93
73,2,182.60,26,3000,614.40
76,5,230.80,27,3000,589.20
77,4,194.60,25,6000,1255.20
73,1,178.00,24,2719,599.88
76,3,178.80,26,1500,302.70
74,2,206.60,24,2842,599.66
77,3,218.00,33,752,138.67
75,3,165.00,27,824,179.85
77,3,215.40,26,3000,590.40
75,1,191.60,27,6000,1264.80
74,1,201.40,33,2000,396.00
76,3,183.30,28,3271,660.00
73,2,183.00,26,4000,868.80
77,2,218.00,31,2000,366.80
73,2,183.00,37,2000,384.40
75,4,181.00,32,621,119.89
73,1,178.80,27,1484,300.00
74,2,207.00,31,800,149.76
73,3,196.40,35,800,150.88
75,1,187.80,26,6000,1242.00
73,2,183.00,26,3000,631.80
74,2,207.00,23,5343,1198.97
77,4,196.60,34,335,59.97
75,3,183.00,32,1000,194.40
72,2,183.00,35,607,119.98
70,3,174.40,23,6000,1412.40
75,4,181.00,26,1500,312.90
72,1,199.40,34,383,74.97
76,4,233.20,26,3000,633.60
76,3,179.00,33,2000,397.60
75,3,169.00,25,4000,922.40
72,2,196.80,27,872,179.88
70,3,174.40,24,2644,599.66
76,5,208.60,34,398,74.92
76,4,233.20,25,2000,410.80
76,5,208.60,27,1500,303.60
74,1,201.60,27,6000,1263.60
72,1,199.40,27,6000,1308.00
74,3,203.80,32,800,147.20
70,3,173.40,27,6000,1312.80
76,3,181.00,29,2000,396.80
75,4,205.00,28,2873,599.95
76,1,169.30,28,1407,300.00
74,5,183.50,33,2000,374.00
77,2,215.00,34,2000,373.60
74,1,201.40,32,2000,393.60
75,5,201.60,35,2000,372.40
75,1,193.00,35,760,148.66
76,5,184.80,25,4000,864.80
73,1,183.60,25,2771,601.31
73,2,183.00,28,6000,1255.20
76,5,230.80,25,4000,789.60
77,3,193.00,26,6000,1297.20
76,3,195.00,33,492,89.94
70,3,174.40,26,1500,323.40
75,3,189.20,36,1000,199.00
76,5,230.80,26,6000,1207.20
77,4,196.60,36,169,30.00
72,1,199.40,34,157,30.03
76,5,232.20,30,5226,1199.89
77,3,193.00,28,1461,300.00
74,3,200.60,29,6000,1188.00
76,4,233.20,37,2000,372.40
74,2,169.40,25,6000,1356.00
77,4,196.60,35,1500,278.40
74,3,203.80,24,3001,599.60
75,5,187.20,26,3000,624.00
74,2,174.00,21,4813,1199.40
73,2,183.00,25,1500,316.50
73,2,184.60,25,2000,436.40
76,1,195.20,21,6000,1293.60
76,3,177.40,24,2000,411.20
77,4,201.00,24,6000,1291.20
72,2,182.00,27,6000,1279.20
73,1,183.60,38,467,89.94
70,3,168.40,24,2000,420.40
73,1,179.80,33,1000,198.80
73,1,201.00,24,2741,599.66
76,4,232.60,34,1500,274.80
72,2,196.80,35,800,152.00
73,4,199.00,27,6000,1220.40
75,2,215.70,32,2000,368.80
78,3,205.00,26,3000,592.20
73,1,201.00,27,1500,304.20
76,3,195.00,25,1500,292.20
75,1,185.30,28,2884,598.79
77,4,198.20,24,2000,399.20
76,4,222.70,24,2500,523.50
77,3,197.00,32,1000,195.60
80,3,208.60,30,2000,396.00
73,4,207.60,27,6000,1267.20
76,4,240.00,32,751,134.73
73,1,184.30,35,500,97.90
76,2,176.20,34,2000,381.60
76,4,190.00,23,6000,1302.00
76,3,179.80,32,1000,192.20
73,1,178.00,34,156,30.08
75,5,186.00,31,800,152.48
77,4,194.60,26,1500,299.40
76,2,168.00,31,785,166.11
73,1,181.30,29,1494,300.00
78,3,201.60,28,10000,2008.00
77,2,231.00,34,2000,367.20
73,1,185.00,25,4000,844.80
74,2,196.40,26,3000,631.80
74,2,207.00,35,2000,378.80
73,1,199.00,29,6000,1231.20
72,1,185.00,37,476,89.92
76,3,235.00,32,756,142.13
77,4,198.20,26,3000,598.20
76,3,178.80,26,1500,306.60
73,1,201.00,28,6000,1243.20
80,3,208.40,31,2000,395.60
73,1,183.60,29,1500,314.10
73,3,196.40,28,1500,299.70
75,1,198.40,32,2000,381.60
72,1,182.80,35,800,152.00
77,3,190.00,37,500,180.00
70,2,172.00,30,2000,396.80
75,2,213.00,38,750,138.20
74,2,186.00,26,3000,642.00
74,2,206.60,27,6000,1230.00
73,1,203.00,27,1500,293.70
75,5,200.80,35,1000,186.00
73,2,184.60,27,1500,312.90
76,5,184.80,25,1500,303.30
73,1,182.80,32,2000,388.00
75,2,215.70,32,500,91.20
77,4,192.40,34,155,28.35
75,5,197.00,22,8526,1798.99
76,3,195.00,26,4000,811.20
79,1,205.00,28,2500,511.00
73,1,180.00,26,10000,2200.00
76,3,178.80,26,6000,1244.40
74,2,170.00,31,800,163.84
72,2,183.00,34,500,96.60
70,2,175.00,33,500,100.70
74,2,206.60,25,1500,311.40
70,3,174.40,27,1500,317.40
76,4,230.00,30,6000,1159.20
77,3,215.00,29,3010,599.59
74,1,198.60,27,841,179.85
74,2,186.00,26,1500,308.40
73,3,196.60,36,1000,187.00
76,4,202.00,30,2000,388.80
76,2,176.20,33,2000,381.20
78,1,204.00,33,2000,376.40
77,3,215.00,37,245,44.96
73,4,200.00,25,2000,414.00
79,1,199.00,28,6000,1294.80
74,1,182.20,28,1500,314.70
74,1,197.40,29,621,119.91
75,1,193.00,25,2500,517.50
75,3,189.60,33,764,144.09
74,1,182.20,36,237,44.99
73,1,183.60,36,238,44.96
78,1,201.00,28,2904,600.04
70,3,173.40,33,603,119.96
73,4,199.00,34,800,147.36
76,3,179.80,28,1481,300.00
76,5,230.00,33,506,89.90
74,3,203.80,26,1500,292.80
76,3,195.00,24,2915,599.91
76,5,208.60,28,885,179.97
76,1,167.00,29,2000,397.20
73,1,178.00,35,457,89.94
72,1,199.40,25,1500,316.80
74,2,196.40,25,10000,2086.00
73,1,201.00,31,800,153.92
74,1,203.90,28,6000,1286.40
77,4,194.60,26,1500,300.30
76,4,232.60,37,649,119.90
76,4,233.20,29,6000,1220.40
77,4,196.60,36,2000,363.20
74,1,182.20,29,1500,310.20
77,3,215.00,19,5620,1199.31
77,3,188.20,30,2000,378.80
75,4,186.00,32,750,143.20
72,1,195.00,34,500,180.00
75,3,207.60,33,1000,191.20
79,1,205.00,32,1000,190.40
74,3,203.80,33,253,44.97
72,1,185.00,24,3000,635.40
76,4,227.80,26,6000,1281.60
79,1,204.00,32,2000,377.20
73,4,207.60,33,2000,388.00
73,4,205.00,29,1500,309.30
73,1,181.30,37,1000,186.00
76,1,169.30,24,2500,541.50
71,1,186.20,28,1500,308.10
76,4,190.00,25,4000,886.40
73,3,199.40,24,10000,2184.00
75,5,200.00,29,1531,300.00
76,4,190.00,21,5130,1199.39
76,5,230.00,24,3020,599.77
77,4,192.40,27,1500,295.50
75,3,165.00,24,2638,599.96
77,3,190.00,30,1475,300.00
76,3,177.40,25,3000,618.60
76,1,194.20,26,6000,1254.00
76,3,235.00,32,1000,189.40
74,1,182.20,22,8089,1798.99
71,1,197.60,25,4000,873.60
73,2,181.00,38,800,152.16
73,4,207.60,31,2000,396.00
75,3,189.60,33,500,97.40
73,1,201.00,24,2890,599.96
76,5,184.80,27,6000,1237.20
72,2,171.40,24,4000,859.20
75,2,215.70,25,2500,494.00
77,4,194.60,27,1500,309.30
70,2,175.00,28,2500,552.50
76,4,190.00,31,390,74.96
78,1,202.30,29,3235,660.00
77,3,215.00,32,800,154.88
74,1,197.40,31,800,159.04
76,1,194.20,23,2000,411.60
76,5,230.00,36,2000,359.60
73,1,183.80,35,1000,197.00
77,3,197.00,32,250,48.20
76,4,227.80,29,500,94.70
77,4,192.40,32,479,89.96
77,3,185.40,27,6000,1233.60
74,2,206.60,31,2000,385.60
76,3,235.00,34,2000,373.60
77,3,216.80,28,2500,505.00
73,3,199.40,26,3000,656.40
70,2,172.40,33,2000,404.80
75,3,205.40,28,2500,523.00
75,3,169.00,25,3000,677.40
76,5,227.00,26,3000,607.80
76,4,229.00,31,2000,378.80
74,2,169.40,25,3000,681.60
72,1,185.00,28,1500,300.30
77,4,196.60,34,660,119.92
70,3,168.40,25,3000,650.40
73,4,200.00,26,3000,615.00
73,1,191.20,26,10000,2204.00
78,3,205.00,26,3000,597.60
70,2,175.00,24,2500,538.00
74,1,182.20,36,154,30.09
73,1,183.60,30,6000,1292.40
78,2,199.00,35,750,129.48
78,2,203.00,34,500,180.00
74,3,205.00,33,1500,284.40
74,1,182.20,35,800,156.48
77,4,190.80,26,3000,615.60
76,4,227.80,29,250,47.20
72,1,187.00,26,6000,1282.80
73,1,181.30,32,769,151.95
75,3,165.00,35,227,45.00
75,5,195.00,32,2000,374.40
76,4,233.20,24,2789,599.64
73,4,197.20,29,6000,1231.20
70,3,173.40,32,800,163.84
74,1,197.40,26,6000,1303.20
77,2,212.00,27,2984,599.78
79,1,204.00,31,2000,395.20
74,3,203.80,27,1500,291.30
75,4,205.00,34,500,94.90
76,4,246.00,32,2000,362.00
77,4,201.00,24,2000,416.00
77,2,218.00,27,3340,660.00
74,2,186.00,26,1500,312.60
76,3,224.60,25,2500,488.00
77,4,194.60,24,2855,599.55
73,1,185.00,26,1500,305.70
76,5,184.80,24,2000,406.00
73,1,183.60,25,2735,599.51
76,5,230.00,24,2925,599.63
75,3,189.60,36,500,180.00
72,2,185.00,24,2832,599.82
73,1,182.00,31,2000,390.00
76,5,184.80,27,1500,299.10
77,3,189.80,32,2000,376.00
73,1,181.30,40,769,157.18
72,2,183.00,28,6000,1288.80
75,4,181.00,30,160,30.06
76,2,168.00,27,6000,1353.60
75,4,204.80,34,1000,188.00
73,1,172.00,36,2000,379.60
76,5,208.60,33,243,44.98
73,1,183.60,27,3000,675.00
76,3,178.80,28,6000,1225.20
79,1,205.00,32,1000,197.40
76,5,208.60,27,3000,618.00
74,2,207.00,25,4000,846.40
73,4,205.00,22,10000,2236.00
74,5,180.00,33,2000,382.00
76,4,190.00,22,10000,2188.00
72,1,185.00,29,6000,1249.20
74,3,203.80,35,415,74.97
76,5,184.80,32,2000,390.00
76,4,232.60,31,2000,359.20
76,4,232.60,31,6000,1178.40
77,2,216.00,26,6000,1239.60
72,1,199.40,22,4751,1199.15
77,4,196.60,25,2997,600.07
75,5,187.20,25,6000,1282.80
74,2,207.00,29,800,156.16
76,5,230.00,26,1500,291.90
73,4,207.60,36,158,30.12
77,3,182.00,27,2811,599.87
77,3,205.00,34,2000,365.60
74,2,170.00,25,1500,331.50
73,3,199.40,35,2000,374.80
73,3,196.40,35,1500,289.80
77,4,192.40,27,6000,1230.00
76,3,178.80,28,6000,1228.80
76,4,232.60,28,5058,1199.76
77,4,192.40,25,1500,305.40
75,3,179.20,27,3099,660.00
72,2,171.40,26,6000,1286.40
74,1,196.40,22,8164,1799.35
76,3,235.00,30,2000,383.20
78,2,188.50,29,3188,660.00
76,2,182.80,33,2000,381.20
73,1,183.00,34,1500,290.70
76,4,233.20,24,1500,299.40
73,3,193.00,33,2000,378.00
75,4,205.00,28,1476,300.00
73,2,182.60,26,6000,1284.00
76,4,230.00,27,4000,808.00
74,2,169.40,25,3000,669.60
75,3,183.00,24,2500,539.50
77,4,196.60,25,10000,2064.00
75,4,177.60,29,3251,660.00
76,1,195.20,26,6000,1220.40
73,1,182.00,28,1463,300.00
76,3,235.00,30,500,180.00
76,4,190.00,24,3000,633.60
75,3,206.00,32,2000,382.00
76,5,208.60,31,614,119.94
75,4,206.00,34,1000,199.00
76,2,168.00,32,500,103.70
76,4,222.80,26,6000,1192.80
74,2,174.00,30,2000,413.20
70,3,174.40,27,824,179.96
74,2,206.60,28,6000,1251.60
73,1,169.70,29,2913,600.08
76,3,195.00,27,1500,291.00
75,5,181.80,26,1500,299.70
74,2,206.60,35,159,30.00
75,3,208.00,32,750,141.27
73,3,199.40,27,6000,1275.60
76,1,195.20,33,244,44.96
75,5,201.60,35,500,91.70
76,4,177.60,25,3000,616.80
77,4,192.40,27,6000,1240.80
73,1,178.00,27,1500,317.10
80,3,206.90,24,2500,534.00
74,2,186.00,34,241,44.99
78,1,208.00,31,2000,378.80
75,3,207.40,31,2000,385.60
73,1,201.00,27,4000,871.20
77,3,202.00,32,763,152.45
75,3,188.00,31,2000,384.40
76,5,230.00,26,1500,291.60
73,1,201.00,33,399,74.99
77,4,190.80,25,6000,1299.60
73,1,197.40,25,3000,612.00
76,3,220.00,33,2000,364.00
77,3,191.90,29,2829,601.45
70,2,171.20,29,3104,660.00
72,1,195.00,34,1000,197.80
76,4,222.80,22,8833,1798.40
74,1,197.40,31,800,156.16
72,2,151.00,27,822,179.91
72,2,182.00,24,2817,599.46
77,4,196.60,27,886,179.94
75,5,201.60,30,1537,300.00
76,5,184.80,35,160,30.01
75,5,199.00,26,3000,616.80
76,2,170.00,29,2000,404.80
77,3,190.00,31,1000,199.20
80,3,206.60,33,1000,196.40
76,4,178.00,23,10000,2136.00
75,4,204.00,24,2500,531.00
76,4,190.00,33,238,44.91
73,2,183.00,33,2000,381.60
73,4,205.00,22,8343,1798.75
73,4,200.00,25,4000,836.00
74,1,198.60,30,1500,306.00
73,3,199.40,22,8216,1799.30
80,3,204.80,29,2810,599.58
76,3,195.00,36,168,29.98
76,4,177.60,25,4000,843.20
73,1,186.00,30,6000,1306.80
78,3,205.00,35,500,90.30
73,1,203.00,37,498,89.91
76,5,227.00,26,3000,629.40
74,2,204.00,22,8231,1799.30
74,2,169.40,24,2000,429.60
73,3,197.00,33,2000,378.80
72,1,185.00,33,159,30.02
76,2,180.00,25,2500,520.50
73,4,207.60,34,475,89.97
75,2,215.70,30,755,144.96
77,3,193.00,33,500,180.00
76,1,194.20,25,3000,615.00
73,1,183.60,27,1500,316.20
73,1,182.60,34,1000,208.40
77,4,237.00,28,2911,599.73
72,2,150.00,27,1500,324.00
73,4,207.60,26,3000,636.00
73,1,197.00,24,4000,868.00
77,4,192.40,25,5583,1199.23
74,5,186.00,34,1000,200.60
75,3,205.40,33,776,154.58
75,4,180.20,30,1511,300.00
73,1,184.30,30,1466,300.00
76,2,170.00,28,1395,300.00
76,3,177.40,24,4000,837.60
77,4,192.00,28,6000,1245.60
73,2,181.00,34,2000,379.60
73,4,200.00,25,3000,626.40
74,2,186.00,27,6000,1266.00
75,5,182.00,26,848,179.84
76,4,239.40,30,2000,368.40
77,4,192.40,32,800,150.72
76,1,195.20,25,4000,836.00
70,3,174.40,33,312,59.97
73,1,182.80,32,2000,384.40
75,5,182.00,25,1500,304.80
77,2,223.50,29,6000,1239.60
73,1,186.00,35,1500,300.30
72,2,171.40,22,8289,1798.71
76,4,240.00,28,1558,300.00
76,4,225.00,25,6000,1243.20
75,1,193.00,36,500,94.50
80,3,210.00,29,1458,300.00
73,3,196.40,25,2834,599.67
73,4,199.00,26,1500,303.60
78,1,204.00,32,2000,378.40
77,3,190.00,31,781,156.51
75,2,215.00,30,1550,300.00
71,1,186.20,26,3000,627.00
73,1,185.00,33,475,89.94
76,1,169.30,28,1415,300.00
73,2,183.00,36,396,74.96
76,5,182.00,26,10000,2106.00
75,5,199.00,25,3000,625.80
77,3,204.00,33,1000,190.00
76,4,222.70,31,500,96.30
76,5,227.00,26,3000,627.60
73,3,196.40,26,1500,304.50
75,3,183.00,32,772,151.93
75,5,187.20,36,248,44.98
76,5,232.20,31,800,142.24
76,2,179.90,28,3229,660.00
77,3,218.00,33,500,91.50
73,1,184.30,34,773,152.44
77,3,197.00,33,500,96.10
72,2,185.00,37,2000,397.60
74,2,186.00,34,319,59.97
77,3,215.00,33,2000,372.40
73,1,191.20,25,6000,1365.60
74,2,195.00,26,3000,639.60
76,5,230.00,27,6000,1177.20
75,1,197.20,32,2000,384.80
72,2,171.40,25,6000,1318.80
73,3,196.40,36,402,74.96